"Parish","Holding","X","Y","Cattle","Sheep","Infection","Cull","Classification","Exposed","Removed","xytmodes","k10","k20","k26","k30"
46,11,324.8,535.6,0,622,0,0,1,0,0,2,4,19,15,21
31,48,320.934,545.306,343,553,0,0,1,0,0,7,6,12,10,29
68,61,337.1,546.1,200,114,46,54,1,41,50,4,3,10,23,30
394,35,359.2,524,18,0,0,0,0,0,0,3,8,15,5,8
404,46,359.245,521.247,0,44,0,0,0,0,0,3,8,15,5,8
138,76,353.5,543.7,93,635,0,0,1,0,0,3,7,16,19,14
138,82,352,544.8,20,31,0,0,0,0,0,3,7,1,19,1
389,17,350.9,523.6,92,0,0,0,0,0,0,6,8,15,9,6
30,23,322.8,543.7,0,50,0,0,0,0,0,14,6,18,10,29
39,36,323,545.2,115,477,47,56,1,42,51,7,6,12,10,29
173,157,346.322,533.025,167,725,29,38,1,24,33,11,10,4,1,27
117,4,352.3,552.6,276,0,0,0,1,0,0,17,7,17,13,26
134,29,329.1,522.6,61,0,0,0,0,0,0,15,1,9,8,11
142,15,336.1,539.8,117,340,0,0,1,0,0,4,5,11,18,10
146,141,347.1,529.4,0,418,0,0,1,0,0,11,10,4,1,27
50,39,335.8,536.5,282,1678,90,98,1,85,94,4,5,14,25,22
152,59,347.3,538.6,284,3204,49,56,1,44,53,10,2,20,4,20
142,95,338.1,536.1,55,53,0,0,0,0,0,4,5,14,25,22
143,8,347.6,533.1,104,0,0,0,1,0,0,11,10,4,1,27
137,19,326.3,525.7,0,17,0,0,0,0,0,21,1,6,21,11
173,94,341.4,546.6,69,0,0,0,0,0,0,4,9,10,26,23
131,69,322.9,532.3,4,196,0,0,0,0,0,2,4,19,15,13
28,70,331.1,552.2,85,0,39,47,0,34,43,1,3,7,12,25
150,56,356,538.5,0,279,34,44,0,29,38,20,2,5,20,24
38,198,331,542.5,6,64,0,0,0,0,0,12,3,11,14,7
146,137,348.652,528.201,0,114,0,0,0,0,0,9,10,4,1,27
38,121,325.5,545.9,249,0,0,0,1,0,0,22,6,12,10,3
87,2,322.4,534.3,58,484,0,0,1,0,0,2,4,19,15,13
153,34,357.1,537.4,245,0,0,0,1,0,0,20,2,5,20,24
152,260,346.8,540,0,170,0,0,0,0,0,10,9,20,4,20
120,46,351.5,550,157,0,0,0,1,0,0,17,7,17,13,26
130,18,324.2,520.8,0,930,0,0,1,0,0,21,1,6,21,11
163,49,339.3,521.7,236,2842,0,0,1,0,0,9,10,8,22,28
117,3,352.8,551.8,213,1155,0,0,1,0,0,17,7,17,13,26
157,33,341.7,527.7,45,815,0,0,1,0,0,11,10,8,22,28
152,244,343,543.7,263,0,0,0,1,0,0,4,9,10,17,9
151,41,343.7,530.7,0,43,0,0,0,0,0,11,10,4,1,27
86,118,349.2,554,147,2283,0,0,1,0,0,8,7,13,3,4
68,82,339.069,547.693,589,724,32,44,1,27,36,23,9,2,26,23
68,27,334.6,548.4,243,0,60,68,1,55,64,1,3,7,23,25
153,26,358.7,534.3,211,289,0,0,1,0,0,20,2,5,20,24
153,9,357.1,536.2,177,0,39,47,1,34,43,20,2,5,20,24
134,5,331.8,524.4,75,884,0,0,1,0,0,15,1,9,8,11
152,136,349.2,545.3,325,0,0,0,1,0,0,8,7,1,19,1
138,10,352.7,546.8,157,0,68,75,1,63,72,17,7,1,19,1
30,19,324.2,544.2,141,334,0,0,1,0,0,7,6,12,10,29
36,18,334,541.4,170,821,69,76,1,64,73,4,5,11,14,10
39,30,322.157,550.245,95,227,62,70,0,57,66,7,6,12,10,19
152,4,345.1,545,41,65,0,0,0,0,0,4,9,20,17,20
163,101,343.2,525.1,87,0,0,0,0,0,0,11,10,8,22,28
37,28,330.4,551.3,363,116,51,58,1,46,55,1,3,7,6,25
28,3,327.332,553.085,261,507,51,60,1,46,55,7,6,3,2,17
152,96,349.5,537.6,481,0,0,0,1,0,0,20,2,20,4,20
37,24,332.6,550.2,0,75,0,0,0,0,0,1,3,7,12,25
163,22,344.2,521.7,83,320,0,0,0,0,0,11,10,8,22,6
46,63,324.9,536.9,219,1741,84,92,1,79,88,1,4,19,11,21
130,58,324.618,523.671,24,0,0,0,0,0,0,21,1,6,21,11
152,69,347.4,540.9,364,1007,92,100,1,87,96,8,9,20,4,20
46,128,326.8,536.7,83,1804,77,84,1,72,81,1,4,19,11,21
30,59,322.7,540.8,69,0,0,0,0,0,0,14,4,18,11,18
86,294,346.9,550.3,62,157,0,0,0,0,0,8,9,13,3,4
68,5,338,549.4,318,2091,52,60,1,47,56,23,3,2,26,23
146,41,345.6,526.3,177,78,0,0,1,0,0,11,10,8,9,6
150,25,353.3,536.4,11,0,0,0,0,0,0,20,2,5,20,24
146,65,344.8,525.8,87,0,0,0,0,0,0,11,10,8,22,6
30,46,325.3,542.1,248,78,68,78,1,63,72,14,4,18,11,5
31,30,320.2,545.9,95,163,0,0,0,0,0,7,6,12,10,29
36,13,336.1,541.6,173,0,61,68,1,56,65,4,5,10,18,10
387,8,350.8,523.7,239,0,0,0,1,0,0,6,8,15,9,6
146,7,346.6,531.6,272,0,0,0,1,0,0,11,10,4,1,27
210,3,321.4,549.8,122,293,0,0,1,0,0,7,6,12,10,19
50,18,330.1,538.9,72,708,0,0,1,0,0,12,4,11,14,2
46,24,325.8,536.1,100,1944,0,0,1,0,0,2,4,19,11,21
68,249,337.4,552.3,61,125,0,0,0,0,0,1,3,2,12,15
86,284,346.5,554.8,42,3,0,0,0,0,0,31,9,13,3,4
152,47,348.4,539.6,191,173,0,0,1,0,0,10,2,20,4,20
68,34,334.3,548.7,255,0,62,71,1,57,66,1,3,7,23,25
152,66,350.2,535.1,407,0,0,0,1,0,0,20,2,5,4,12
152,63,346.3,542.6,140,0,0,0,1,0,0,4,9,20,17,20
50,103,329.6,539.5,53,876,0,0,1,0,0,12,4,11,14,2
152,133,347.6,541.6,137,436,25,34,1,20,29,8,9,20,17,20
38,170,327.5,547.6,27,28,0,0,0,0,0,22,6,12,6,3
50,24,330.389,537.396,103,1349,0,0,1,0,0,12,4,11,14,2
142,7,336.6,537.5,67,348,0,0,0,0,0,4,5,14,25,10
38,1,332,544.8,0,122,0,0,0,0,0,12,3,7,23,7
387,4,351,523.6,36,114,0,0,0,0,0,6,8,15,9,6
157,80,343.7,527.2,0,1171,0,0,1,0,0,11,10,8,22,28
86,10,347.5,552.4,364,0,0,0,1,0,0,8,9,13,3,4
43,2,320.531,538.613,146,1475,0,0,1,0,0,1,4,18,11,18
130,36,322.6,524.9,0,327,0,0,0,0,0,21,1,6,21,11
40,41,329,549.5,34,1810,41,53,1,36,45,7,6,7,6,25
152,24,343.3,545.4,140,553,0,0,1,0,0,4,9,10,17,9
211,19,338.3,553.5,153,0,47,55,1,42,51,23,3,2,12,15
72,21,339.8,553,178,0,0,0,1,0,0,23,9,2,26,23
38,62,326.8,543.3,59,80,0,0,0,0,0,7,6,18,10,5
163,42,335.8,525.5,10,676,0,0,1,0,0,15,1,9,8,28
68,117,338.7,545.1,48,56,0,0,0,0,0,4,9,10,18,30
394,33,359.7,525,40,141,0,0,0,0,0,3,8,15,5,8
163,65,337.1,520.8,4,2144,0,0,1,0,0,15,1,8,22,28
392,18,358.8,528.9,187,3043,0,0,1,0,0,25,8,15,5,8
152,118,349.752,547.307,52,0,0,0,0,0,0,17,7,1,19,1
146,145,349.715,529.208,14,33,0,0,0,0,0,5,10,4,7,27
173,198,341.5,540.9,0,183,0,0,0,0,0,4,5,10,18,9
173,149,344.2,536.4,192,373,0,0,1,0,0,10,5,20,24,16
142,63,334.7,539.5,192,0,51,60,1,46,55,4,5,11,14,10
39,100,324.259,546.362,1,81,0,0,0,0,0,22,6,12,10,29
68,56,336.1,546,164,0,0,0,1,0,0,20,3,10,23,30
28,85,329.17,554.62,305,448,27,37,1,22,31,7,3,3,2,17
151,53,339.6,535,88,0,0,0,0,0,0,10,5,14,25,22
173,228,341.7,535.2,118,845,0,0,1,0,0,10,5,14,24,16
50,29,334.8,537,0,5,0,0,0,0,0,12,5,11,25,10
68,30,334.7,547.9,30,0,0,0,0,0,0,1,3,7,23,30
173,92,343.6,540.4,16,95,0,0,0,0,0,4,5,20,24,9
72,13,341.6,549.7,403,0,33,42,1,28,37,23,9,2,26,23
138,104,355.8,549.3,33,2213,0,0,1,0,0,17,7,17,13,26
86,77,347.4,550.5,124,704,61,71,1,56,65,8,9,13,3,4
152,22,348.8,545.8,156,0,0,0,1,0,0,8,7,1,19,1
149,83,357.6,538.7,27,0,0,0,0,0,0,20,2,5,20,24
137,15,329.788,524.973,0,1944,58,68,1,53,62,15,1,9,8,11
389,12,346.2,522.5,85,597,0,0,1,0,0,11,10,8,9,6
149,9,357.552,538.562,44,484,0,0,1,0,0,20,2,5,20,24
43,8,321.2,540.1,295,0,55,68,1,50,59,14,4,18,11,18
50,112,332.6,537.7,20,106,0,0,0,0,0,12,5,11,14,2
40,22,326.8,547.9,69,0,0,0,0,0,0,22,6,12,6,3
397,26,357.2,522.2,206,0,0,0,1,0,0,3,8,15,5,8
150,14,355.46,537.075,264,305,37,47,1,32,41,20,2,5,20,24
146,5,346.7,530.1,0,668,0,0,1,0,0,11,10,4,1,27
152,38,346.7,546.3,325,0,79,86,1,74,83,8,9,1,17,20
36,16,334.7,542,78,0,48,55,0,43,52,4,5,11,18,10
143,47,347.8,532.1,331,0,0,0,1,0,0,11,10,4,1,27
138,60,352.4,544.2,208,231,0,0,1,0,0,3,7,1,19,1
149,18,357.9,538.8,134,416,41,50,1,36,45,20,2,5,20,24
138,69,355.4,548.3,227,656,0,0,1,0,0,3,7,17,13,26
36,39,334,542.3,179,788,55,64,1,50,59,4,5,11,14,10
167,8,341.8,527.2,135,1512,0,0,1,0,0,11,10,8,22,28
396,18,354,525.3,453,6100,0,0,1,0,0,3,8,15,5,8
134,59,328.3,522.9,24,462,0,0,1,0,0,15,1,9,8,11
46,115,324.1,538.1,329,294,77,85,1,72,81,1,4,18,11,21
159,71,358.776,545.027,152,300,0,0,1,0,0,3,7,16,16,14
86,48,345,552.8,111,0,0,0,1,0,0,31,9,13,3,4
68,28,335.3,548.4,2,0,0,0,0,0,0,1,3,7,23,30
159,27,359.8,543.5,130,1184,74,83,1,69,78,3,7,16,16,14
39,21,322.4,547.5,311,313,93,100,1,88,97,7,6,12,10,29
50,87,331.2,539.7,0,174,0,0,0,0,0,12,4,11,14,2
133,7000,328.924,524.169,0,189,0,0,0,0,0,15,1,9,8,11
38,115,325.9,545.5,26,331,64,72,0,59,68,7,6,12,10,3
37,20,334,551.1,329,487,43,53,1,38,47,1,3,7,12,15
170,195,353.2,529.7,16,168,0,0,0,0,0,5,8,4,7,12
212,128,324.5,545.7,200,0,0,0,1,0,0,22,6,12,10,29
40,122,324.243,550.54,97,502,0,0,1,0,0,7,6,3,2,19
173,237,340.279,543.906,0,18,0,0,0,0,0,4,9,10,18,9
138,131,354.4,544.7,0,3,0,0,0,0,0,3,7,16,16,14
397,5,356,523,47,302,0,0,0,0,0,3,8,15,5,8
142,24,337.7,542,98,0,0,0,0,0,0,4,5,10,18,10
29,9,321,542.6,314,202,69,80,1,64,73,14,4,18,11,18
163,35,335.6,527.2,262,3372,0,0,1,0,0,24,1,9,8,28
131,16,323,532.2,64,162,0,0,0,0,0,2,4,19,15,13
40,15,324.7,550.7,56,0,0,0,0,0,0,7,6,3,2,19
37,120,327.837,550.822,24,0,0,0,0,0,0,7,6,3,2,17
151,30,344.6,532.1,131,379,0,0,1,0,0,11,10,4,1,27
142,100,337.3,538.6,6,11,0,0,0,0,0,4,5,14,25,10
152,52,348.1,544.1,326,0,76,85,1,71,80,8,9,1,17,20
130,103,323.2,523.7,14,24,0,0,0,0,0,21,1,6,21,11
149,30,357.7,538.8,228,0,65,73,1,60,69,20,2,5,20,24
212,134,325.6,547.8,0,25,0,0,0,0,0,22,6,12,10,3
71,82,332.4,552.3,215,0,47,55,1,42,51,1,3,7,12,25
138,61,353.4,544,127,0,50,60,1,45,54,3,7,16,19,14
412,1,355.6,520.5,197,0,0,0,1,0,0,3,8,15,5,8
146,130,345,530,77,462,0,0,1,0,0,11,10,4,1,27
28,113,327.32,553.798,20,0,0,0,0,0,0,7,6,3,2,17
167,57,336.6,533.1,170,2976,56,64,1,51,60,10,5,14,25,22
36,68,333.1,541.7,186,245,53,63,1,48,57,4,5,11,14,10
30,116,328.921,539.515,0,283,0,0,0,0,0,12,4,11,14,2
159,69,356.4,541.1,69,1573,23,34,1,18,27,3,2,16,16,14
118,18,353.9,553.6,110,0,0,0,1,0,0,17,7,17,13,26
388,13,351.6,520.1,0,330,0,0,0,0,0,6,8,15,9,6
38,17,330.1,546.1,86,0,0,0,0,0,0,7,3,7,6,7
211,7,336.2,554.4,248,0,49,58,1,44,53,1,3,2,12,15
119,3,357.101,551.523,0,71,0,0,0,0,0,5,7,17,13,26
38,41,333.3,548.8,528,0,64,73,1,59,68,1,3,7,23,25
157,47,344.4,527.5,208,0,0,0,1,0,0,11,10,8,22,27
137,22,325.8,525.9,96,200,0,0,0,0,0,21,1,6,21,11
86,46,346.437,554.475,22,0,0,0,0,0,0,31,9,13,3,4
159,20,358.3,546.1,109,2550,45,55,1,40,49,3,7,16,16,14
136,30,334.8,526.7,26,998,0,0,1,0,0,15,1,9,8,28
173,40,342.4,535.5,395,505,35,45,1,30,39,10,5,14,24,16
86,295,347.7,553.9,0,13,0,0,0,0,0,8,9,13,3,4
389,14,347.4,525.2,172,2160,0,0,1,0,0,11,10,4,9,6
142,40,335.8,538.1,14,560,46,54,1,41,50,4,5,11,25,10
173,112,342.9,539.8,112,301,45,54,1,40,49,11,5,20,24,9
142,31,339.9,538.9,0,192,0,0,0,0,0,4,5,14,24,9
142,72,339.2,540.2,116,0,0,0,1,0,0,4,5,10,18,9
46,134,325.3,536.6,0,74,0,0,0,0,0,2,4,19,11,21
39,40,322.3,544.4,135,0,91,98,1,86,95,14,6,12,10,29
28,25,325.788,552.509,188,157,0,0,1,0,0,7,6,3,2,17
212,137,326.3,547.3,23,297,0,0,0,0,0,22,6,12,10,3
142,1,339.2,535.9,269,141,57,65,1,52,61,10,5,14,25,22
394,8,359.1,524.9,74,0,0,0,0,0,0,3,8,15,5,8
163,63,340.4,523.1,121,610,0,0,1,0,0,9,10,8,22,28
66,53,330.511,554.972,114,212,0,0,1,0,0,6,3,3,12,17
159,7000,359.8,543.4,0,157,0,0,0,0,0,3,7,16,16,14
38,200,331.1,542.5,142,587,0,0,1,0,0,12,3,11,14,7
160,18,357.258,533.725,21,0,0,0,0,0,0,20,2,5,20,24
37,12,332.1,550.7,422,0,55,62,1,50,59,1,3,7,12,25
157,21,341.5,527.1,7,0,0,0,0,0,0,11,10,8,22,28
136,69,332.149,525.379,0,56,0,0,0,0,0,15,1,9,8,11
151,6,343.3,532.9,204,853,0,0,1,0,0,11,10,14,1,16
50,78,335.6,536,189,2693,0,0,1,0,0,4,5,14,25,22
400,5,356.6,521.2,14,0,0,0,0,0,0,3,8,15,5,8
38,21,329.5,546.4,26,370,0,0,0,0,0,22,6,7,6,7
159,7003,355.3,541.2,0,89,0,0,0,0,0,3,2,16,16,14
33,35,320.6,552.2,352,386,0,0,1,0,0,7,6,3,2,19
153,1,357.9,535.6,43,0,0,0,0,0,0,20,2,5,20,24
67,7008,357.6,552.4,0,129,0,0,0,0,0,5,7,17,13,26
120,36,350.908,550.702,406,558,52,60,1,47,56,17,7,17,13,26
146,39,347.694,526.837,109,3366,0,0,1,0,0,11,10,4,9,6
36,47,334.8,544.1,94,622,44,52,1,39,48,4,3,10,23,30
68,113,337.775,545.454,368,0,54,63,1,49,58,4,3,10,18,30
28,10,327.495,553.288,90,50,0,0,0,0,0,7,6,3,2,17
72,80,343.4,548.4,175,1539,69,77,1,64,73,23,9,13,26,23
142,64,336,540.3,262,806,49,58,1,44,53,4,5,11,18,10
157,2,341.9,527.9,145,462,0,0,1,0,0,11,10,8,22,28
40,33,325.5,546.9,159,269,0,0,1,0,0,22,6,12,10,3
50,127,330.743,535.887,16,171,0,0,0,0,0,12,4,11,14,2
167,52,337.3,533.4,297,1403,0,0,1,0,0,10,5,14,25,22
167,22,336.9,531.4,198,1144,0,0,1,0,0,4,5,14,25,22
401,12,355.6,525.3,267,0,0,0,1,0,0,3,8,15,5,8
152,168,345.9,548.6,142,0,67,75,1,62,71,8,9,13,3,4
38,113,333.6,547.4,237,0,0,0,1,0,0,1,3,7,23,25
160,9,357.06,533.56,82,229,0,0,0,0,0,20,2,5,20,24
117,6,352.4,551.6,70,216,36,49,0,31,40,17,7,17,13,26
397,21,356.7,524.8,512,1031,44,54,1,39,48,3,8,15,5,8
159,82,356.9,546.3,0,372,0,0,0,0,0,3,7,16,16,14
134,16,331.6,520.5,0,5,0,0,0,0,0,15,1,9,8,11
136,18,332.5,526.1,107,1347,0,0,1,0,0,15,1,9,8,11
173,63,345.5,534.1,237,0,0,0,1,0,0,11,10,4,1,16
38,152,331.8,549,19,0,0,0,0,0,0,1,3,7,6,25
38,133,326.8,545.4,51,559,0,0,1,0,0,22,6,12,10,3
68,35,335.7,548.4,312,0,0,0,1,0,0,1,3,7,23,30
167,25,337.8,531.6,40,798,64,72,1,59,68,10,5,14,25,22
173,124,340.212,543.502,46,300,64,72,0,59,68,4,5,10,18,9
145,95,357.7,532.3,172,129,0,0,1,0,0,20,2,5,20,24
50,89,330.1,540.2,63,676,0,0,1,0,0,12,4,11,14,2
134,26,332.3,524.7,48,636,0,0,1,0,0,15,1,9,8,11
170,26,349.4,534.7,161,307,0,0,1,0,0,5,2,4,4,12
30,4,326.2,541.5,412,640,69,77,1,64,73,14,4,18,11,5
160,16,355.9,531.8,348,1681,38,49,1,33,42,20,2,5,7,12
87,12,323.4,534.3,104,1253,0,0,1,0,0,2,4,19,15,13
151,75,342.6,528.3,0,72,0,0,0,0,0,11,10,8,22,28
120,12,351.35,550.411,165,28,0,0,1,0,0,17,7,17,13,26
68,7,339,549.1,137,0,61,68,1,56,65,23,9,2,26,23
86,306,346.4,551,4,31,0,0,0,0,0,8,9,13,3,4
40,38,325.1,549.4,236,194,0,0,1,0,0,7,6,12,10,3
68,72,338.6,546.5,464,0,52,60,1,47,56,4,9,10,26,30
131,42,320.7,532.5,54,585,0,0,1,0,0,2,4,19,15,13
38,65,326.6,545.7,210,37,0,0,1,0,0,22,6,12,10,3
170,142,352.9,529.5,165,427,0,0,1,0,0,5,8,4,7,12
389,21,347.9,525.4,109,0,0,0,1,0,0,11,10,4,9,6
131,61,325,532.5,220,1619,0,0,1,0,0,2,4,19,15,13
50,26,331.8,541.2,0,2960,0,0,1,0,0,12,5,11,14,2
142,3,337.3,541.9,167,0,0,0,1,0,0,4,5,10,18,10
68,105,335.036,549.899,5,0,0,0,0,0,0,1,3,7,12,15
173,133,341,543.7,49,110,0,0,0,0,0,4,9,10,18,9
37,130,330.3,549.8,90,0,0,0,0,0,0,7,3,7,6,25
68,251,337.857,543.439,14,0,46,54,0,41,50,4,5,10,18,30
163,71,344.6,524.7,19,0,0,0,0,0,0,11,10,8,22,6
173,98,345.2,530.9,92,0,0,0,0,0,0,11,10,4,1,27
40,31,327.3,550,153,162,0,0,1,0,0,7,6,3,2,3
30,70,323.8,541.7,74,349,74,81,0,69,78,14,4,18,11,18
163,150,344.6,524.6,63,455,0,0,1,0,0,11,10,8,22,6
173,239,344.8,538.4,148,268,0,0,1,0,0,10,5,20,24,16
72,11,340.4,551.1,153,0,0,0,1,0,0,23,9,2,26,23
167,24,339.3,537.8,792,6919,28,48,1,23,32,4,5,14,24,10
173,71,342.3,537.9,233,243,0,0,1,0,0,10,5,20,24,16
40,3,323.226,552.619,231,0,48,56,1,43,52,7,6,3,2,19
404,39,359.4,521.3,0,3,0,0,0,0,0,3,8,15,5,8
40,55,323.9,547.8,17,117,0,0,0,0,0,22,6,12,10,3
146,133,345,529.8,2,0,0,0,0,0,0,11,10,4,1,27
131,6,324.2,534.2,76,2684,0,0,1,0,0,2,4,19,15,13
163,162,340.7,522.7,0,405,0,0,1,0,0,9,10,8,22,28
152,19,344.4,547.6,2,2,0,0,0,0,0,8,9,13,17,23
40,10,324,550.8,468,0,0,0,1,0,0,7,6,3,2,19
159,123,358.5,546.4,0,175,0,0,0,0,0,3,7,16,16,14
173,138,340.5,540.8,250,0,59,67,1,54,63,4,5,10,18,9
30,5,325.7,543.7,47,0,0,0,0,0,0,7,6,18,10,5
68,57,335.6,547.9,226,0,0,0,1,0,0,1,3,7,23,30
138,129,355.129,547.799,0,32,0,0,0,0,0,3,7,17,13,26
152,167,346.5,548.3,427,0,78,88,1,73,82,8,9,13,3,4
159,49,354.7,541.4,114,252,0,0,1,0,0,3,2,16,16,14
153,21,358.3,533.8,28,0,0,0,0,0,0,20,2,5,20,24
68,87,336,547.1,113,0,45,53,1,40,49,4,3,7,23,30
68,237,339.8,545.5,267,0,52,59,1,47,56,4,9,10,18,30
152,156,342.9,542.4,225,374,47,56,1,42,51,4,9,20,17,9
38,158,331.7,549,250,467,58,66,1,53,62,1,3,7,6,25
138,17,356,549.1,148,79,0,0,1,0,0,5,7,17,13,26
72,2,340.7,548.4,582,0,0,0,1,0,0,23,9,2,26,23
37,131,331.3,550.3,177,0,0,0,1,0,0,1,3,7,6,25
152,14,343.8,547.2,264,0,43,53,1,38,47,8,9,13,17,23
38,188,327.7,541.5,255,2089,60,71,1,55,64,14,4,18,14,5
150,76,355.4,537.6,16,864,40,48,1,35,44,20,2,5,20,24
71,19,332.8,554.1,15,4,0,0,0,0,0,1,3,7,12,15
131,20,323,532.3,104,494,0,0,1,0,0,2,4,19,15,13
72,136,340.3,550.2,309,0,49,57,1,44,53,23,9,2,26,23
30,38,323.4,541.9,129,81,67,74,1,62,71,14,4,18,11,18
152,95,349.5,540.3,187,25,83,92,1,78,87,18,2,20,4,20
86,38,350.5,549.1,113,193,64,72,1,59,68,17,7,1,19,1
159,58,356.1,539.9,226,381,0,0,1,0,0,20,2,16,20,24
212,123,325.562,549.117,48,25,0,0,0,0,0,7,6,12,10,3
410,1,349.683,527.73,0,22,0,0,0,0,0,6,10,4,7,27
151,39,345.6,533,300,225,59,66,1,54,63,10,10,4,1,27
163,67,344.1,523.8,293,0,0,0,1,0,0,11,10,8,22,6
170,45,352.9,532.5,278,0,91,99,1,86,95,34,2,5,7,12
137,33,324.307,526.926,2,127,0,0,0,0,0,21,1,6,21,13
134,28,329.3,521.8,48,345,0,0,0,0,0,15,1,9,8,11
68,20,334.663,551.173,291,802,47,55,1,42,51,1,3,7,12,15
38,96,327.1,544,77,644,0,0,1,0,0,7,6,12,10,5
50,68,328.4,536.8,0,233,0,0,0,0,0,12,4,11,14,2
142,52,340.5,538.5,18,134,0,0,0,0,0,4,5,14,24,9
120,31,349.7,551,120,0,0,0,1,0,0,8,7,17,3,4
30,22,323,543.5,0,216,0,0,0,0,0,14,6,18,10,29
142,61,339.2,540.8,338,884,0,0,1,0,0,4,5,10,18,9
50,7005,334.1,538.5,0,192,0,0,0,0,0,12,5,11,14,10
212,31,326,548.7,0,142,0,0,0,0,0,7,6,12,10,3
28,60,328.8,552.1,62,0,0,0,0,0,0,7,6,3,2,17
134,21,329.8,521.7,145,779,0,0,1,0,0,15,1,9,8,11
36,7,333.2,540.9,8,29,0,0,0,0,0,12,5,11,14,10
38,81,327.2,546.9,0,5,0,0,0,0,0,22,6,12,6,3
134,24,330.8,524.3,55,1184,0,0,1,0,0,15,1,9,8,11
30,17,323.2,544.7,118,340,0,0,1,0,0,7,6,12,10,29
38,207,326.7,543.2,0,31,0,0,0,0,0,7,6,18,10,5
170,179,354.3,530.7,0,45,0,0,0,0,0,20,2,5,7,12
134,6,328.437,522.046,81,1791,0,0,1,0,0,15,1,9,8,11
389,33,346.3,523.1,0,1032,0,0,1,0,0,11,10,8,9,6
30,26,322.9,541.7,243,2151,0,0,1,0,0,14,4,18,11,18
131,37,323.184,532.381,186,1382,0,0,1,0,0,2,4,19,15,13
212,141,324.6,547.4,0,42,0,0,0,0,0,22,6,12,10,3
68,23,334,549.4,155,0,74,81,1,69,78,1,3,7,12,25
38,102,331.1,547.8,74,464,0,0,1,0,0,1,3,7,6,25
161,28,354,541,232,5051,39,49,1,34,43,3,2,16,16,14
157,81,343.2,527.6,0,89,0,0,0,0,0,11,10,8,22,28
50,45,333.2,539.8,0,285,0,0,0,0,0,12,5,11,14,10
30,7,326.4,543.5,232,269,55,63,1,50,59,14,6,18,10,5
30,50,325.3,539.3,58,712,0,0,1,0,0,1,4,18,11,21
152,127,350.9,547.6,85,349,0,0,0,0,0,17,7,1,19,1
38,108,331.7,547.4,315,627,0,0,1,0,0,1,3,7,6,25
38,88,330,544.1,581,3525,0,0,1,0,0,12,3,11,6,7
119,6,354.8,550.8,126,1569,0,0,1,0,0,17,7,17,13,26
169,28,359.9,536.1,49,1274,37,49,1,32,41,20,2,5,20,24
173,102,343.6,535.8,229,720,50,59,1,45,54,10,5,14,24,16
211,8,335.9,554.1,103,0,55,63,1,50,59,1,3,2,12,15
30,131,323.4,541.7,96,0,0,0,0,0,0,14,4,18,11,18
28,27,325.478,553.219,194,289,38,52,1,33,42,7,6,3,2,17
37,121,331.3,550.2,35,22,0,0,0,0,0,1,3,7,6,25
68,8,339.2,548.6,204,0,25,54,1,20,29,23,9,2,26,23
410,4,350.2,526.9,300,312,23,32,1,18,27,6,8,4,9,6
167,2,336.4,530.7,143,1698,0,0,1,0,0,24,5,14,25,22
38,45,331.4,549.2,166,0,0,0,1,0,0,1,3,7,6,25
39,7000,322.3,547.4,3,0,0,0,0,0,0,22,6,12,10,29
50,61,335.5,534.2,63,2182,0,0,1,0,0,10,5,14,25,22
86,206,349.6,549.5,0,1087,0,0,1,0,0,17,7,1,19,1
394,32,358.9,524.6,238,295,0,0,1,0,0,3,8,15,5,8
392,15,353.4,528.3,439,0,0,0,1,0,0,6,8,15,7,12
152,74,346.8,543.5,430,4,0,0,1,0,0,8,9,20,17,20
50,84,334.1,538.6,39,401,0,0,1,0,0,12,5,11,14,10
68,37,333.4,548.5,30,0,0,0,0,0,0,1,3,7,23,25
50,32,330,539.1,73,2736,0,0,1,0,0,12,4,11,14,2
387,13,350.1,521,141,1728,0,0,1,0,0,6,8,15,9,6
72,48,343.3,550.9,45,0,0,0,0,0,0,8,9,13,26,23
159,7,355.5,543.8,270,2246,52,62,1,47,56,3,7,16,16,14
212,7003,325.186,548.072,13,17,0,0,0,0,0,7,6,12,10,3
163,76,339,521.5,40,1858,0,0,1,0,0,9,10,8,22,28
152,138,349.827,547.459,262,0,0,0,1,0,0,17,7,1,19,1
146,87,345.6,527.2,172,1199,0,0,1,0,0,11,10,4,1,27
210,15,320.8,549.3,90,32,0,0,0,0,0,7,6,12,10,19
72,59,344.4,550.9,0,1297,0,0,1,0,0,8,9,13,3,4
163,46,341.6,522.4,37,1098,0,0,1,0,0,11,10,8,22,28
387,25,350.3,521.8,51,526,0,0,1,0,0,6,8,15,9,6
146,74,347.4,530.5,58,1720,29,42,1,24,33,11,10,4,1,27
28,32,324.053,554.65,481,0,70,82,1,65,74,7,6,3,2,19
160,23,357,533.6,0,1778,0,0,1,0,0,20,2,5,20,24
137,1,324.5,526.4,164,0,0,0,1,0,0,21,1,6,21,11
389,15,346.3,523,241,3474,0,0,1,0,0,11,10,8,9,6
68,133,337.6,544.2,173,0,48,56,1,43,52,4,5,10,18,30
119,1,354.8,552.4,239,2019,0,0,1,0,0,17,7,17,13,26
142,10,335.9,539.5,209,140,0,0,1,0,0,12,5,11,18,10
28,108,327.336,553.65,84,0,0,0,0,0,0,7,6,3,2,17
43,3,320.6,538.3,260,1482,0,0,1,0,0,2,4,18,11,18
152,71,349.1,539.6,174,814,39,48,1,34,43,10,2,20,4,20
138,127,351.8,544.8,24,0,0,0,0,0,0,3,7,1,19,1
72,28,340.4,551.7,498,0,62,68,1,57,66,23,9,2,26,23
142,42,335.6,539.8,56,240,56,63,0,51,60,4,5,11,18,10
46,7001,323,537.2,0,141,0,0,0,0,0,2,4,19,11,21
169,16,359.3,537.1,220,1192,42,51,1,37,46,20,2,5,20,24
28,14,327.3,554.1,394,0,47,55,1,42,51,7,6,3,2,17
71,24,335.9,553.9,10,0,0,0,0,0,0,1,3,2,12,15
46,56,324.4,539.2,140,408,0,0,1,0,0,1,4,18,11,21
142,23,337.3,542.8,33,145,39,47,0,34,43,4,5,10,18,30
404,17,359.285,521.307,4,0,0,0,0,0,0,3,8,15,5,8
50,48,332.1,538.8,95,1224,0,0,1,0,0,12,5,11,14,2
50,82,328.7,537.1,49,875,0,0,1,0,0,12,4,11,14,2
163,77,343.9,522.8,95,140,0,0,0,0,0,11,10,8,22,6
38,98,330.1,549.1,149,0,51,59,1,46,55,7,3,7,6,25
403,13,359.1,522.4,156,451,0,0,1,0,0,3,8,15,5,8
170,7005,346.1,526.3,0,103,0,0,0,0,0,11,10,4,9,6
119,11,356.504,552.468,21,4,0,0,0,0,0,5,7,17,13,26
173,15,343.4,540.7,58,0,50,56,0,45,54,4,5,20,24,9
160,62,356.414,532.458,21,114,0,0,0,0,0,20,2,5,20,12
40,14,324.863,550.757,89,108,70,77,0,65,74,7,6,3,2,19
86,18,346.1,554.5,106,0,0,0,1,0,0,31,9,13,3,4
152,64,344.525,546.028,436,0,67,75,1,62,71,8,9,13,17,23
72,147,342.8,552.2,23,0,0,0,0,0,0,23,9,13,26,23
404,4,358.9,521.3,91,367,0,0,0,0,0,3,8,15,5,8
152,98,345.5,547.8,277,0,70,78,1,65,74,8,9,13,17,23
173,193,341.883,543.765,52,265,0,0,0,0,0,4,9,10,17,9
167,80,336.882,527.281,5,0,0,0,0,0,0,24,10,8,22,28
120,69,349.799,551.019,29,139,0,0,0,0,0,8,7,17,3,4
170,197,353.6,531,0,8,0,0,0,0,0,20,2,5,7,12
413,30,352.3,528.4,54,302,0,0,0,0,0,6,8,4,7,12
40,65,327.6,547.6,234,0,49,57,1,44,53,7,6,12,6,3
173,233,340.273,544.074,0,31,0,0,0,0,0,4,9,10,18,9
68,83,339.4,547.3,245,0,64,72,1,59,68,23,9,10,26,23
37,35,327.757,550.839,306,379,61,70,1,56,65,7,6,3,2,17
149,8,357.7,538.7,230,139,0,0,1,0,0,20,2,5,20,24
138,30,352.5,546.5,182,2625,55,63,1,50,59,17,7,1,19,1
86,278,349.2,554.6,0,29,0,0,0,0,0,8,7,13,3,4
157,24,342.4,527.5,40,351,0,0,0,0,0,11,10,8,22,28
136,66,330.047,527.77,0,94,0,0,0,0,0,15,1,9,8,11
30,39,324.3,541.8,131,515,0,0,1,0,0,14,4,18,11,5
212,145,327.852,548.61,19,0,0,0,0,0,0,7,6,12,6,3
72,39,342.9,550.4,498,0,88,96,1,83,92,23,9,13,26,23
68,42,335.4,551.1,48,740,0,0,1,0,0,1,3,2,12,15
120,10,351.235,550.499,48,0,0,0,0,0,0,17,7,17,13,26
143,12,346.7,534.7,323,0,41,50,1,36,45,10,10,4,1,16
138,122,357.474,547.18,73,1263,0,0,1,0,0,3,7,16,16,14
68,214,336.8,550.1,114,390,0,0,1,0,0,1,3,2,12,15
387,14,348.7,520.1,98,1907,0,0,1,0,0,6,8,15,9,6
72,85,343.8,548.4,63,522,0,0,1,0,0,8,9,13,26,23
30,58,328.8,539.1,125,1844,48,57,1,43,52,12,4,11,14,2
138,110,357.5,547.3,58,1918,0,0,1,0,0,3,7,16,16,14
142,37,339.3,540.2,107,0,0,0,1,0,0,4,5,10,18,9
173,44,341.8,543,293,910,56,65,1,51,60,4,9,10,17,9
38,20,329.4,546.6,9,217,0,0,0,0,0,22,6,7,6,7
68,79,338.7,546.7,171,0,0,0,1,0,0,4,9,10,26,30
28,2,327.346,553.032,199,0,56,64,1,51,60,7,6,3,2,17
87,4,321.2,534.7,0,243,0,0,0,0,0,2,4,19,15,13
40,7,324.9,551.8,629,0,0,0,1,0,0,7,6,3,2,19
163,25,339.3,521.6,11,192,0,0,0,0,0,9,10,8,22,28
153,18,358,534.9,272,69,0,0,1,0,0,20,2,5,20,24
39,95,320.902,545.344,28,0,0,0,0,0,0,7,6,12,10,29
173,74,342.6,535.3,42,276,0,0,0,0,0,10,5,14,24,16
39,5,324.3,545.8,316,480,53,63,1,48,57,7,6,12,10,29
31,33,320.9,543.9,255,440,0,0,1,0,0,14,6,18,10,29
173,140,344.4,534.4,290,0,0,0,1,0,0,10,10,14,24,16
387,33,351.5,523.9,311,0,0,0,1,0,0,6,8,15,9,6
46,52,325.5,538.4,56,0,0,0,0,0,0,1,4,18,11,21
72,130,342.8,549.5,0,11,0,0,0,0,0,23,9,13,26,23
173,103,344.3,536.4,100,0,0,0,1,0,0,10,5,20,24,16
157,74,344.4,528.5,294,0,0,0,1,0,0,11,10,4,1,27
159,119,356.1,540.1,14,322,0,0,0,0,0,20,2,16,20,24
86,47,344.9,552.7,94,0,0,0,0,0,0,8,9,13,3,4
36,22,334.534,543.406,208,0,0,0,1,0,0,12,5,11,23,30
159,80,358.024,547.06,38,1214,0,0,1,0,0,3,7,16,16,14
161,88,354.2,540,72,0,0,0,0,0,0,20,2,16,20,24
163,153,344.234,524.338,0,240,0,0,0,0,0,11,10,8,22,6
38,34,330.2,545.4,23,34,0,0,0,0,0,12,3,7,6,7
173,105,341.3,543.6,22,0,0,0,0,0,0,4,9,10,18,9
401,8,353.4,524.7,495,0,52,60,1,47,56,3,8,15,5,8
157,7000,342.4,527.6,9,196,0,0,0,0,0,11,10,8,22,28
173,86,341.3,545.7,185,1106,0,0,1,0,0,4,9,10,26,23
72,53,343,552.8,474,0,57,65,1,52,61,23,9,13,3,4
152,65,344.3,546.7,335,0,59,66,1,54,63,8,9,13,17,23
119,2,354.8,552.3,0,290,0,0,0,0,0,17,7,17,13,26
40,26,323.7,549.4,149,59,0,0,1,0,0,7,6,12,10,19
146,71,346.3,525.1,10,83,0,0,0,0,0,11,10,8,9,6
150,81,354.6,535.4,4,50,0,0,0,0,0,20,2,5,20,24
212,140,326.296,548.441,17,63,0,0,0,0,0,7,6,12,10,3
173,61,344.341,537.877,307,459,21,44,1,16,25,10,5,20,24,16
30,29,321.7,541.8,183,0,0,0,1,0,0,14,4,18,11,18
50,88,328.9,538.2,34,599,0,0,1,0,0,12,4,11,14,2
167,78,336.5,527.2,8,0,0,0,0,0,0,24,10,8,22,28
68,231,337.3,552.8,45,149,0,0,0,0,0,1,3,2,12,15
30,127,324.5,541.5,0,170,0,0,0,0,0,14,4,18,11,5
167,6,336.8,532.5,104,1532,0,0,1,0,0,10,5,14,25,22
36,125,333.7,540.7,0,32,0,0,0,0,0,12,5,11,14,10
46,7,322.9,537.2,0,174,0,0,0,0,0,2,4,19,11,21
173,27,347.2,536,357,2983,45,54,1,40,49,10,2,20,4,16
150,21,354.4,537.5,98,177,0,0,0,0,0,20,2,5,20,24
138,52,357.4,547.1,23,1326,0,0,1,0,0,3,7,16,16,14
159,66,358.8,544.4,0,14,0,0,0,0,0,3,7,16,16,14
133,23,327.073,523.327,0,40,0,0,0,0,0,15,1,6,21,11
68,118,338.6,545.1,103,0,0,0,1,0,0,4,9,10,18,30
138,125,352,545.8,0,46,0,0,0,0,0,3,7,1,19,1
134,17,330.9,523,73,764,0,0,1,0,0,15,1,9,8,11
138,64,352.6,546.3,0,37,0,0,0,0,0,3,7,1,19,1
134,22,331.7,523,121,1737,0,0,1,0,0,15,1,9,8,11
50,28,334.3,537.8,0,111,0,0,0,0,0,12,5,11,14,10
159,18,359.8,542.2,153,1895,0,0,1,0,0,3,2,16,16,14
173,113,340.9,544.9,278,0,51,58,1,46,55,4,9,10,18,9
133,27,327.66,523.9,104,251,0,0,1,0,0,15,1,9,21,11
36,60,336.2,543.5,126,0,0,0,1,0,0,4,5,10,18,30
413,6,352.2,528.6,148,484,40,50,1,35,44,6,8,4,7,12
210,22,320.1,550.4,470,0,48,60,1,43,52,7,6,12,10,19
157,82,341.5,526.8,0,37,0,0,0,0,0,11,10,8,22,28
149,26,357.742,538.938,44,276,75,81,0,70,79,20,2,5,20,24
131,7,323.6,532.1,138,683,0,0,1,0,0,2,4,19,15,13
389,11,348.6,525.4,230,0,0,0,1,0,0,9,10,4,9,6
30,129,325.595,540.922,0,36,0,0,0,0,0,14,4,18,11,5
40,46,324.8,547.3,134,463,0,0,1,0,0,22,6,12,10,3
86,7,346.3,552.3,178,0,0,0,1,0,0,8,9,13,3,4
142,48,339,542.9,532,1036,0,0,1,0,0,4,5,10,18,9
167,40,336.5,535.4,107,1536,0,0,1,0,0,4,5,14,25,22
30,133,321.538,541.657,31,128,0,0,0,0,0,14,4,18,11,18
159,74,359.7,543.4,144,674,0,0,1,0,0,3,7,16,16,14
131,60,322.7,532.8,0,20,0,0,0,0,0,2,4,19,15,13
212,7002,325.9,548.9,7,83,0,0,0,0,0,7,6,12,10,3
138,56,358.112,547.108,142,734,0,0,1,0,0,3,7,16,16,14
68,15,337.7,548.6,193,82,70,78,1,65,74,23,3,2,26,30
130,46,322.4,525.7,153,0,0,0,1,0,0,21,1,6,21,13
163,11,344.6,526.1,240,1206,0,0,1,0,0,11,10,8,22,6
138,123,352.6,547.3,27,0,0,0,0,0,0,17,7,1,19,1
38,186,330.2,543.3,59,0,0,0,0,0,0,12,3,11,14,7
38,87,328.9,544.9,60,2140,0,0,1,0,0,22,6,12,6,7
161,39,350.3,541.5,170,402,26,43,1,21,30,8,2,20,4,20
131,59,324.7,532.2,39,451,0,0,1,0,0,2,4,19,15,13
163,33,338.2,525.4,46,1402,0,0,1,0,0,24,10,8,22,28
153,4,357.7,537.2,54,0,0,0,0,0,0,20,2,5,20,24
40,60,324.4,547.1,0,12,0,0,0,0,0,22,6,12,10,3
28,66,328.9,552.2,30,0,0,0,0,0,0,7,6,3,2,17
159,70,357.452,540.083,289,1633,39,49,1,34,43,20,2,16,20,24
50,1,336.6,536.4,84,871,0,0,1,0,0,4,5,14,25,22
142,18,337.4,538.1,436,0,0,0,1,0,0,4,5,14,25,10
38,135,326.1,544.8,147,0,52,61,1,47,56,7,6,12,10,5
134,58,331.9,522.9,8,0,0,0,0,0,0,15,1,9,8,11
120,61,351.6,549.9,23,4,62,70,0,57,66,17,7,17,13,26
150,2,354,535.7,177,0,39,50,1,34,43,20,2,5,20,24
119,5,355.1,550.4,247,0,0,0,1,0,0,17,7,17,13,26
170,191,354.7,537,0,23,0,0,0,0,0,20,2,5,20,24
30,137,327.8,541.8,28,80,0,0,0,0,0,12,4,18,14,5
37,32,328.5,550.4,250,0,58,66,1,53,62,7,6,3,6,17
397,22,355.8,522.8,148,310,0,0,1,0,0,3,8,15,5,8
151,81,343.4,530.3,0,143,0,0,0,0,0,11,10,4,1,27
163,158,343.5,522.2,0,115,0,0,0,0,0,11,10,8,22,6
71,88,332.9,553.9,50,0,0,0,0,0,0,1,3,7,12,15
28,26,325.9,552.4,185,0,0,0,1,0,0,7,6,3,2,17
212,7007,324.919,549.088,90,0,0,0,0,0,0,7,6,12,10,3
152,91,351.3,537.1,330,0,0,0,1,0,0,20,2,5,4,12
170,177,350.9,531.3,0,47,0,0,0,0,0,5,2,4,7,12
138,66,353,545.4,109,1027,41,51,1,36,45,3,7,1,19,1
153,47,357.2,536.9,34,25,0,0,0,0,0,20,2,5,20,24
397,11,355.913,522.892,234,1622,35,46,1,30,39,3,8,15,5,8
36,54,334.6,545.1,47,306,0,0,0,0,0,4,3,10,23,30
170,182,340.8,524.5,8,16,0,0,0,0,0,9,10,8,22,28
120,45,349.8,547.5,207,0,0,0,1,0,0,17,7,1,19,1
136,45,331.2,525.6,23,312,0,0,0,0,0,15,1,9,8,11
46,69,325.2,538.5,191,0,79,87,1,74,83,1,4,18,11,21
30,28,322,541.8,464,526,42,52,1,37,46,14,4,18,11,18
173,224,341.4,534.9,303,0,53,62,1,48,57,10,5,14,24,16
152,149,343.4,547.5,122,0,55,63,1,50,59,23,9,13,26,23
86,87,348.5,550.6,0,161,0,0,0,0,0,8,9,13,3,4
72,51,345.1,550.2,153,87,92,100,1,87,96,8,9,13,3,4
150,74,353.4,535.3,0,312,47,56,0,42,51,20,2,5,20,12
103,31,320.3,534.3,0,417,0,0,1,0,0,2,4,19,15,13
36,20,333.9,540.4,114,934,0,0,1,0,0,12,5,11,14,10
152,153,349.9,536.4,17,7,0,0,0,0,0,20,2,20,4,12
152,170,349.7,547.3,237,0,0,0,1,0,0,17,7,1,19,1
146,138,348.5,528.4,157,1448,0,0,1,0,0,11,10,4,1,27
28,12,329.1,553.9,305,0,0,0,1,0,0,7,3,3,2,17
28,5,327.3,553.7,250,0,0,0,1,0,0,7,6,3,2,17
50,35,334.5,535.9,30,0,0,0,0,0,0,4,5,11,25,22
30,77,323.7,540.4,572,2658,59,67,1,54,63,14,4,18,11,18
159,41,357.2,544.8,317,2440,39,50,1,34,43,3,7,16,16,14
159,40,355.1,542.7,137,1866,0,0,1,0,0,3,7,16,16,14
153,13,356.4,536.3,231,0,32,41,1,27,36,20,2,5,20,24
152,3,345.9,540.6,556,2523,0,0,1,0,0,4,9,20,17,20
87,8,322.2,534.7,185,1312,0,0,1,0,0,2,4,19,15,13
170,66,351.4,532.7,514,0,73,82,1,68,77,5,2,4,7,12
120,38,351.7,548.4,208,27,0,0,1,0,0,17,7,1,19,1
161,7,354.4,538.5,193,902,29,39,1,24,33,20,2,5,20,24
152,72,346.9,540.2,626,742,0,0,1,0,0,10,9,20,4,20
152,230,343.6,542.6,235,0,0,0,1,0,0,4,9,20,17,9
43,15,320.6,539.8,377,752,70,78,1,65,74,1,4,18,11,18
68,258,335.369,550.537,30,0,0,0,0,0,0,1,3,7,12,15
138,47,354.4,545.3,221,0,0,0,1,0,0,3,7,16,16,14
28,9,327.6,553.8,75,0,0,0,0,0,0,7,6,3,2,17
400,1,356.2,521,90,12,0,0,0,0,0,3,8,15,5,8
50,16,332.6,539.8,0,70,0,0,0,0,0,12,5,11,14,2
118,26,354.7,553.8,110,596,0,0,1,0,0,17,7,17,13,26
38,55,330,543.1,133,719,0,0,1,0,0,12,3,11,14,7
39,9,321.864,545.049,167,339,97,105,1,92,101,14,6,12,10,29
30,44,321.257,542.021,19,248,0,0,0,0,0,14,4,18,11,18
142,91,334.5,538.3,76,1630,0,0,1,0,0,12,5,11,14,10
410,2,351.2,525.5,206,0,0,0,1,0,0,6,8,15,9,6
142,62,335.2,539.8,47,177,67,74,0,62,71,4,5,11,14,10
394,50,358,524.4,5,129,0,0,0,0,0,3,8,15,5,8
173,26,343.4,540.4,30,21,0,0,0,0,0,4,5,20,24,9
72,57,343.8,551.5,0,318,0,0,0,0,0,8,9,13,3,4
50,124,330.798,539.777,0,1189,0,0,1,0,0,12,4,11,14,2
152,103,350.5,545.9,103,26,0,0,1,0,0,17,7,1,19,1
397,2,357.6,523.6,195,1023,0,0,1,0,0,3,8,15,5,8
131,11,321.4,532.3,233,1095,0,0,1,0,0,2,4,19,15,13
163,131,343.4,523.3,136,709,0,0,1,0,0,11,10,8,22,6
138,62,353.3,547.1,17,572,0,0,1,0,0,17,7,1,19,1
50,90,334,538.7,176,623,44,53,1,39,48,4,5,11,14,10
28,29,325.5,553.3,2,0,0,0,0,0,0,7,6,3,2,17
68,115,337.2,544.7,86,0,0,0,0,0,0,4,3,10,18,30
212,139,325.6,548.6,2,13,0,0,0,0,0,7,6,12,10,3
160,12,356.4,532.3,483,456,25,40,1,20,29,20,2,5,20,12
163,27,341.2,525.5,149,1527,74,83,1,69,78,24,10,8,22,28
170,152,349.8,530,144,771,0,0,1,0,0,5,10,4,7,27
392,25,354.3,528.4,416,0,70,79,1,65,74,25,8,15,7,12
149,7,356.6,536.1,0,376,0,0,0,0,0,20,2,5,20,24
37,16,333.3,551.1,170,301,46,54,1,41,50,1,3,7,12,25
28,53,327.315,553.15,13,0,0,0,0,0,0,7,6,3,2,17
37,132,332.1,550.4,8,0,0,0,0,0,0,1,3,7,12,25
30,57,324.8,539.4,188,945,0,0,1,0,0,1,4,18,11,21
87,7000,323.719,538.786,70,0,81,87,0,76,85,1,4,18,11,21
46,41,324.9,537.1,181,519,85,92,1,80,89,1,4,19,11,21
173,2,342.3,540.3,326,9,52,59,1,47,56,4,5,20,24,9
153,2,356.7,536,0,16,0,0,0,0,0,20,2,5,20,24
40,43,326,547.2,0,734,0,0,1,0,0,22,6,12,10,3
170,57,351.559,534.09,309,0,33,44,1,28,37,20,2,5,4,12
138,68,353.6,546.4,56,0,0,0,0,0,0,3,7,1,19,1
28,59,330.3,552.9,13,10,0,0,0,0,0,1,3,3,12,17
138,46,353,545.3,45,0,0,0,0,0,0,3,7,1,19,1
146,134,348.122,528.137,22,0,0,0,0,0,0,11,10,4,1,27
40,121,325.398,550.426,0,10,0,0,0,0,0,7,6,3,2,19
28,69,330.828,551.979,149,0,35,43,1,30,39,1,3,7,12,25
86,257,347.1,554.2,0,1058,0,0,1,0,0,31,9,13,3,4
152,48,345.1,543.5,119,151,59,66,1,54,63,8,9,20,17,20
40,16,324.5,551.2,113,0,0,0,1,0,0,7,6,3,2,19
71,18,332.8,554.2,42,47,0,0,0,0,0,1,3,7,12,15
130,40,321.9,527.3,69,0,0,0,0,0,0,21,1,6,21,13
152,205,347.6,544.4,366,826,82,88,1,77,86,8,9,1,17,20
120,7,350.5,552,236,714,70,78,1,65,74,8,7,17,13,26
87,3,321.1,534.7,205,1974,0,0,1,0,0,2,4,19,15,13
137,3,325.507,526.105,163,1582,0,0,1,0,0,21,1,6,21,11
146,59,350.9,528.7,59,0,0,0,0,0,0,6,8,4,7,27
50,95,336.1,535.3,33,1755,0,0,1,0,0,4,5,14,25,22
50,2,336,537.2,80,1116,0,0,1,0,0,4,5,14,25,10
146,36,347,529.1,405,917,0,0,1,0,0,11,10,4,1,27
152,172,351.7,537.7,269,718,0,0,1,0,0,20,2,5,4,24
134,10,329.9,520.4,30,436,0,0,1,0,0,15,1,9,8,11
72,135,340.4,548.2,355,309,66,73,1,61,70,23,9,2,26,23
120,3,350.4,552.2,687,845,0,0,1,0,0,17,7,17,13,26
131,44,321.9,530.7,23,1752,0,0,1,0,0,2,4,19,15,13
50,67,334.1,537.3,324,2783,83,92,1,78,87,12,5,11,14,10
152,158,344.5,541.1,150,2063,40,50,1,35,44,4,9,20,17,20
117,2,351.8,554.2,257,576,0,0,1,0,0,17,7,17,13,26
40,2,323,551.8,209,0,48,57,1,43,52,7,6,3,2,19
163,120,339.6,522.7,0,102,0,0,0,0,0,9,10,8,22,28
130,109,323.5,522.3,0,2404,0,0,1,0,0,21,1,6,21,11
30,12,325,543.6,226,30,56,64,1,51,60,14,6,18,10,5
170,88,353.656,531.197,21,0,0,0,0,0,0,20,2,5,7,12
43,6,320.585,538.653,0,995,0,0,1,0,0,1,4,18,11,18
113,1,320.3,528.4,100,2813,0,0,1,0,0,2,1,6,15,13
173,6,340.6,536.8,21,108,0,0,0,0,0,10,5,14,24,16
167,34,335.7,532.4,76,717,54,62,1,49,58,10,5,14,25,22
46,84,323.9,539.1,2,19,0,0,0,0,0,1,4,18,11,21
170,181,354.273,541.916,34,667,0,0,1,0,0,3,2,16,16,14
152,247,342.6,543.3,0,37,0,0,0,0,0,4,9,10,17,9
40,54,329.3,548.8,310,0,68,78,1,63,72,7,6,7,6,25
72,132,345.7,550.6,691,0,90,98,1,85,94,8,9,13,3,4
146,62,347.74,526.843,0,817,0,0,1,0,0,11,10,4,9,6
46,71,326.8,532.2,29,741,0,0,1,0,0,2,4,19,15,13
173,150,340.9,546.3,19,0,0,0,0,0,0,4,9,10,26,23
72,84,343.3,549.9,527,0,98,111,1,93,102,8,9,13,26,23
118,7000,357,554.1,0,313,0,0,0,0,0,5,7,17,13,26
210,26,321.3,549.5,170,404,44,54,1,39,48,7,6,12,10,19
394,7,359.8,525.3,91,997,0,0,1,0,0,3,8,15,5,8
142,43,335.8,539.8,43,2,69,77,0,64,73,4,5,11,18,10
157,25,343.7,526.4,0,1,0,0,0,0,0,11,10,8,22,28
152,39,346.5,542.8,180,0,43,53,1,38,47,8,9,20,17,20
142,69,339.1,536.1,16,265,0,0,0,0,0,4,5,14,25,22
39,23,321.5,546.7,282,438,39,53,1,34,43,7,6,12,10,29
71,13,332.9,554.2,209,0,77,90,1,72,81,1,3,7,12,15
28,4,327.413,553.614,229,376,62,69,1,57,66,7,6,3,2,17
68,252,337.134,553.444,159,0,56,62,1,51,60,1,3,2,12,15
170,186,351.9,531.1,0,77,0,0,0,0,0,5,2,4,7,12
395,62,359.864,521.127,0,290,0,0,0,0,0,3,8,15,5,8
170,189,352.5,530.7,0,240,0,0,0,0,0,5,2,4,7,12
152,162,349,539.8,220,263,0,0,1,0,0,10,2,20,4,20
159,60,359.1,542.6,285,748,0,0,1,0,0,3,2,16,16,14
170,7011,352.9,532.9,1,72,0,0,0,0,0,20,2,5,7,12
40,115,323.9,549.4,40,133,0,0,0,0,0,7,6,12,10,19
28,11,328.4,554.8,150,0,32,42,1,27,36,7,6,3,2,17
160,5,356.933,533.569,54,0,0,0,0,0,0,20,2,5,20,24
212,129,327.8,550.5,17,0,0,0,0,0,0,7,6,3,2,17
134,23,330.694,524.253,195,897,0,0,1,0,0,15,1,9,8,11
39,20,322.5,547.5,23,68,0,0,0,0,0,22,6,12,10,29
151,7,343.8,530.7,0,325,0,0,0,0,0,11,10,4,1,27
38,74,325.1,545.4,180,424,0,0,1,0,0,22,6,12,10,29
389,31,347.9,525.2,71,194,0,0,0,0,0,11,10,4,9,6
152,139,342.389,547.042,101,0,52,61,1,47,56,23,9,10,26,23
40,34,326.5,551.2,318,0,0,0,1,0,0,7,6,3,2,17
212,7000,325.3,548.1,7,71,0,0,0,0,0,22,6,12,10,3
39,17,322,547.3,360,994,70,77,1,65,74,7,6,12,10,29
131,47,322.8,531.5,86,591,0,0,1,0,0,2,4,19,15,13
173,115,340,541.8,28,109,0,0,0,0,0,4,5,10,18,9
50,38,334.7,536.8,0,10,0,0,0,0,0,12,5,11,25,10
151,2,343.2,533.2,13,1429,45,53,1,40,49,11,10,14,1,16
46,43,327.39,534.153,59,2041,0,0,1,0,0,2,4,19,15,21
170,190,353.3,534.3,0,3132,0,0,1,0,0,20,2,5,20,12
134,19,332.1,520.6,22,1809,0,0,1,0,0,15,1,9,8,11
38,32,329.7,546.9,64,444,0,0,1,0,0,7,3,7,6,7
120,1,351.4,550.4,303,0,0,0,1,0,0,17,7,17,13,26
157,14,338.9,527.1,0,123,0,0,0,0,0,24,10,8,22,28
46,122,324.1,538.7,4,0,0,0,0,0,0,1,4,18,11,21
152,7,349.8,536.6,60,0,0,0,0,0,0,20,2,20,4,12
28,67,331.3,552.9,177,0,52,62,1,47,56,1,3,7,12,25
173,21,343.5,539.5,85,0,57,65,0,52,61,11,5,20,24,9
68,21,334.533,551.147,168,120,0,0,1,0,0,1,3,7,12,15
50,11,331.3,540.9,56,665,0,0,1,0,0,12,5,11,14,2
137,9,327,525.3,0,352,0,0,0,0,0,21,1,6,21,11
161,47,349.5,541.7,52,852,35,50,1,30,39,8,2,20,4,20
152,237,344.5,544.7,0,185,0,0,0,0,0,4,9,20,17,20
71,1,335.2,553.8,68,552,0,0,1,0,0,1,3,2,12,15
67,179,346.4,543,199,71,49,57,1,44,53,8,9,20,17,20
28,30,325.54,553.11,282,306,45,57,1,40,49,7,6,3,2,17
138,7000,353.2,543.4,0,66,0,0,0,0,0,3,7,16,19,14
212,32,325.799,546.864,150,639,87,95,1,82,91,7,6,12,10,3
146,17,347.9,528.9,48,106,0,0,0,0,0,11,10,4,1,27
159,76,354.2,542.7,287,509,37,46,1,32,41,3,7,16,16,14
68,36,335.2,552,209,0,62,68,1,57,66,1,3,2,12,15
153,50,356.728,536.638,178,0,48,56,1,43,52,20,2,5,20,24
396,6,353.1,527.1,413,0,41,50,1,36,45,6,8,15,7,8
160,22,354.602,533.299,396,0,46,54,1,41,50,20,2,5,20,12
28,73,328.284,552.507,149,0,0,0,1,0,0,7,6,3,2,17
138,9,355.7,547.4,0,63,0,0,0,0,0,3,7,16,16,14
143,26,347.818,531.695,32,424,57,64,1,52,61,11,10,4,1,27
40,11,325.2,550.6,217,16,66,73,1,61,70,7,6,3,2,19
167,58,336.6,529.9,61,1318,0,0,1,0,0,24,10,14,25,22
38,10,331.1,546.1,88,0,0,0,0,0,0,12,3,7,6,7
70,1,330.8,554.5,59,37,0,0,0,0,0,1,3,3,12,17
68,29,334.3,547.4,285,225,55,64,1,50,59,1,3,7,23,30
173,109,341.8,536.1,48,464,0,0,1,0,0,10,5,14,24,16
133,34,327.4,523.5,4,650,0,0,1,0,0,15,1,9,21,11
86,40,348.5,549.4,97,292,0,0,0,0,0,8,9,13,3,4
167,18,341,529.2,174,940,47,55,1,42,51,11,10,8,22,28
138,1,355.6,549.1,0,95,0,0,0,0,0,17,7,17,13,26
36,9,336.4,541.7,70,0,0,0,0,0,0,4,5,10,18,10
38,82,333.735,546.381,80,191,0,0,0,0,0,1,3,7,23,30
39,28,322.26,550.108,597,0,57,65,1,52,61,7,6,12,10,19
146,102,350.172,528.786,19,26,0,0,0,0,0,5,10,4,7,27
38,78,328.4,546.5,122,0,0,0,1,0,0,22,6,12,6,3
159,7001,358.9,544.3,18,1190,0,0,1,0,0,3,7,16,16,14
72,82,341.9,548.4,2,0,0,0,0,0,0,23,9,2,26,23
28,16,328.428,551.453,215,163,66,74,1,61,70,7,6,3,2,17
142,41,336.1,538.5,191,0,0,0,1,0,0,4,5,11,25,10
86,191,348.2,551.2,99,0,75,82,0,70,79,8,9,13,3,4
153,6,359,536.6,294,1136,0,0,1,0,0,20,2,5,20,24
138,77,356.3,549.1,119,0,0,0,1,0,0,5,7,17,13,26
152,229,344.318,543.938,105,238,0,0,1,0,0,4,9,20,17,20
68,259,333.946,549.383,0,13,0,0,0,0,0,1,3,7,12,25
173,135,345.4,538.8,12,0,0,0,0,0,0,10,5,20,24,16
120,14,354.5,549.8,220,0,0,0,1,0,0,17,7,17,13,26
38,105,331,548.4,119,128,0,0,1,0,0,1,3,7,6,25
39,102,322.3,549,0,117,0,0,0,0,0,7,6,12,10,19
170,6,350.3,535.9,253,238,49,57,1,44,53,20,2,5,4,12
68,70,339,545.6,419,11,53,61,1,48,57,4,9,10,18,30
394,13,357.585,524.215,121,1793,0,0,1,0,0,3,8,15,5,8
68,135,338.7,543.7,151,820,46,55,1,41,50,4,5,10,18,30
400,6,356.3,521.2,40,146,0,0,0,0,0,3,8,15,5,8
173,17,341.1,542,26,0,0,0,0,0,0,4,5,10,18,9
389,6,346.2,522.3,69,1018,0,0,1,0,0,11,10,8,9,6
38,63,329.1,543.7,0,47,0,0,0,0,0,12,6,11,6,7
173,89,345,539.6,154,857,41,51,1,36,45,10,5,20,24,20
152,73,344.4,542.5,272,990,0,0,1,0,0,4,9,20,17,20
86,12,346.8,554.2,128,588,0,0,1,0,0,31,9,13,3,4
120,37,352.5,550.3,79,99,55,64,0,50,59,17,7,17,13,26
173,50,346.1,538.3,38,19,48,56,0,43,52,10,5,20,4,16
152,75,348.4,536.8,162,0,0,0,1,0,0,10,2,20,4,16
50,136,332,537,0,6,0,0,0,0,0,12,5,11,14,2
152,166,349.5,538.4,494,0,0,0,1,0,0,20,2,20,4,20
86,236,347.6,554.8,0,92,0,0,0,0,0,31,9,13,3,4
40,40,326.8,549.4,67,0,0,0,0,0,0,7,6,3,2,3
387,12,350.6,521.9,162,1268,30,43,1,25,34,6,8,15,9,6
167,35,337.2,527.9,0,1510,0,0,1,0,0,24,10,8,22,28
152,152,346.4,545.5,193,0,33,43,1,28,37,8,9,1,17,20
210,14,320.6,549.2,27,1,0,0,0,0,0,7,6,12,10,19
36,111,332.1,541.9,4,27,0,0,0,0,0,12,5,11,14,7
167,1,339.2,535.2,198,1018,49,56,1,44,53,10,5,14,25,22
161,23,353.8,539.3,114,178,0,0,1,0,0,20,2,5,20,24
160,2,354.4,532.3,130,526,40,51,1,35,44,20,2,5,7,12
396,9,354.3,524.7,207,0,75,94,1,70,79,25,8,15,5,8
150,7001,354.918,534.401,2,314,0,0,0,0,0,20,2,5,20,12
138,63,352.9,545,145,126,46,55,1,41,50,3,7,1,19,1
167,73,337.8,528.6,63,1857,0,0,1,0,0,24,10,8,22,28
46,2,322.5,540,207,480,0,0,1,0,0,1,4,18,11,18
86,93,345.271,554.008,78,93,0,0,0,0,0,31,9,13,3,4
38,97,328.9,547.9,249,355,0,0,1,0,0,7,6,7,6,3
143,7001,348.1,533.1,30,16,0,0,0,0,0,11,10,4,1,27
142,51,337.8,540.2,132,0,0,0,1,0,0,4,5,10,18,10
40,37,326,551.2,292,0,54,61,1,49,58,7,6,3,2,17
152,20,348.4,545.6,169,0,87,93,1,82,91,8,9,1,19,1
161,43,352.6,537.5,0,81,0,0,0,0,0,20,2,5,4,24
134,60,332,520.6,0,250,0,0,0,0,0,15,1,9,8,11
157,46,340.9,528.2,333,0,0,0,1,0,0,9,10,8,22,28
28,43,330.2,552.9,160,0,50,59,1,45,54,7,3,3,12,17
173,25,341.3,538.7,53,31,66,73,0,61,70,4,5,14,24,9
161,72,354.4,539.2,251,1478,0,0,1,0,0,20,2,5,20,24
138,39,351.9,547.4,56,15,0,0,0,0,0,17,7,1,19,1
167,16,339.233,530.862,12,2167,0,0,1,0,0,24,10,14,25,22
37,14,332.8,549.7,32,160,0,0,0,0,0,1,3,7,12,25
50,70,333.5,538.5,0,284,0,0,0,0,0,12,5,11,14,10
146,70,348.72,528.396,188,1225,0,0,1,0,0,9,10,4,1,27
159,51,356.433,543.315,188,2004,30,42,1,25,34,3,7,16,16,14
152,126,343.556,544.736,0,35,0,0,0,0,0,4,9,10,17,9
37,30,328.4,550.4,6,0,0,0,0,0,0,7,6,3,6,17
151,5,343.3,534.4,23,148,42,51,0,37,46,11,10,14,24,16
71,9,335.1,553.7,94,3,0,0,0,0,0,1,3,2,12,15
142,2,339.5,539.8,127,1284,41,52,1,36,45,4,5,10,18,9
119,8,355.8,553.2,223,1794,0,0,1,0,0,5,7,17,13,26
40,123,325,546.9,4,0,0,0,0,0,0,22,6,12,10,3
173,14,344.7,538.1,363,718,40,53,1,35,44,10,5,20,24,16
36,24,333,543.4,131,1218,71,79,1,66,75,4,3,11,23,7
50,13,331.788,540.47,0,740,0,0,1,0,0,12,5,11,14,2
157,40,338,526.9,85,314,0,0,0,0,0,24,10,8,22,28
36,55,332.097,542.346,71,139,0,0,0,0,0,12,5,11,14,7
167,38,340.1,529.6,407,718,56,63,1,51,60,24,10,8,22,28
36,19,335.505,543.439,397,1928,60,69,1,55,64,4,5,10,18,30
131,13,322.4,529.1,88,0,0,0,0,0,0,2,1,6,15,13
413,37,351.1,527.931,44,122,0,0,0,0,0,6,8,4,7,27
394,49,357.9,525.3,0,218,0,0,0,0,0,3,8,15,5,8
157,76,339.224,526.01,0,382,0,0,0,0,0,24,10,8,22,28
68,60,336.8,546.6,409,794,96,104,1,91,100,20,3,10,23,30
146,9,347.2,528.8,38,0,0,0,0,0,0,11,10,4,1,27
142,17,337.6,540,0,88,0,0,0,0,0,4,5,10,18,10
143,11,347.5,533.7,168,0,0,0,1,0,0,11,10,4,1,27
151,7000,343.9,531.1,0,141,0,0,0,0,0,11,10,4,1,27
169,41,359.9,537.4,132,653,0,0,1,0,0,20,2,5,20,24
68,234,337.2,546.2,0,2,0,0,0,0,0,4,3,10,23,30
161,5,350.7,542.8,223,667,0,0,1,0,0,3,7,1,19,1
68,108,336.3,548.2,21,0,0,0,0,0,0,1,3,2,23,30
173,183,343.7,535.7,4,17,0,0,0,0,0,10,5,14,24,16
404,8,358.2,522.1,0,64,0,0,0,0,0,3,8,15,5,8
38,36,332.9,545.2,509,1741,55,67,1,50,59,4,3,7,23,7
173,160,340.8,543.8,215,499,35,43,1,30,39,4,9,10,18,9
133,28,328.618,524.161,0,881,0,0,1,0,0,15,1,9,8,11
131,21,322.8,532.9,0,14,0,0,0,0,0,2,4,19,15,13
133,7003,326.8,523.3,4,1084,0,0,1,0,0,15,1,6,21,11
38,136,325.5,546.5,245,181,0,0,1,0,0,22,6,12,10,3
167,12,336.7,534.7,68,367,0,0,0,0,0,4,5,14,25,22
169,8,359.7,536,0,22,0,0,0,0,0,20,2,5,20,24
136,8,330.38,524.933,38,2201,0,0,1,0,0,15,1,9,8,11
167,79,336.7,532.7,62,700,0,0,1,0,0,4,5,14,25,22
413,5,352.4,526.4,137,335,0,0,1,0,0,6,8,15,7,8
86,292,344.2,554.5,0,392,0,0,0,0,0,31,9,13,3,4
28,33,324.112,554.768,80,0,73,80,0,68,77,7,6,3,2,19
71,20,332.767,554,99,110,0,0,0,0,0,1,3,7,12,15
152,53,345.8,544.6,155,0,67,73,1,62,71,8,9,20,17,20
39,4,323.9,546.4,231,584,0,0,1,0,0,22,6,12,10,29
389,1,349,526.2,289,0,0,0,1,0,0,9,10,4,9,6
150,70,353.2,537.1,0,134,0,0,0,0,0,20,2,5,20,24
212,124,325.7,549.4,0,23,0,0,0,0,0,7,6,12,2,3
68,88,335.9,548,90,0,0,0,0,0,0,1,3,7,23,30
39,103,322.19,546.797,0,135,0,0,0,0,0,7,6,12,10,29
131,1,323.3,528.8,171,1567,0,0,1,0,0,2,1,6,15,13
36,6,332.5,540,100,323,58,65,1,53,62,12,5,11,14,2
46,3,323.7,538.7,264,1380,61,72,1,56,65,1,4,18,11,21
38,40,331.5,545.4,343,2725,49,58,1,44,53,1,3,7,23,7
68,74,338.1,545.5,82,468,0,0,1,0,0,4,3,10,18,30
120,67,352.2,550.4,12,0,0,0,0,0,0,17,7,17,13,26
36,11,335.8,542.7,194,138,45,54,1,40,49,4,5,10,18,30
71,11,333.1,552.4,180,101,52,60,1,47,56,1,3,7,12,15
38,75,324.6,545.7,70,360,0,0,0,0,0,22,6,12,10,29
136,15,330.265,525.033,0,10,0,0,0,0,0,15,1,9,8,11
413,38,350.9,527.2,0,5,0,0,0,0,0,6,8,4,7,6
157,16,344,530.7,0,266,0,0,0,0,0,11,10,4,1,27
38,35,332,544.1,245,1171,0,0,1,0,0,12,3,11,23,7
40,35,324.3,550.7,283,0,0,0,1,0,0,7,6,3,2,19
212,138,324,547.9,124,0,46,55,1,41,50,7,6,12,10,3
167,77,333,532.6,5,0,0,0,0,0,0,10,5,14,25,22
28,15,328.262,552.424,317,109,53,61,1,48,57,7,6,3,2,17
50,8,330.4,539.7,0,188,0,0,0,0,0,12,4,11,14,2
161,10,351.3,543,129,489,0,0,1,0,0,3,7,1,19,1
150,34,354.579,536.324,432,479,53,62,1,48,57,20,2,5,20,24
68,264,334.6,548.7,266,17,61,67,1,56,65,1,3,7,23,25
138,117,354.2,547.3,93,1315,0,0,1,0,0,3,7,1,19,1
33,16,321.5,554.8,296,0,59,67,1,54,63,7,6,3,2,19
167,29,336.5,528.1,9,763,0,0,1,0,0,24,10,8,22,28
160,19,355.6,533.3,207,176,0,0,1,0,0,20,2,5,20,12
142,73,336.7,539,170,658,0,0,1,0,0,4,5,11,18,10
136,19,333.5,526.5,166,1860,92,101,1,87,96,15,1,9,8,11
136,24,332.1,525.3,0,61,0,0,0,0,0,15,1,9,8,11
387,2,351.2,523.7,57,1404,0,0,1,0,0,6,8,15,9,6
118,14,353,554.8,404,65,0,0,1,0,0,17,7,17,13,26
130,4,324.4,523.1,145,673,0,0,1,0,0,21,1,6,21,11
68,150,337.4,552.4,19,0,0,0,0,0,0,1,3,2,12,15
404,5,359.4,521.4,36,280,92,99,0,87,96,25,8,15,5,8
169,3,359.9,537.5,333,977,42,52,1,37,46,20,2,5,20,24
173,123,345.5,535.9,264,0,43,52,1,38,47,10,5,20,24,16
68,13,338.2,552.4,355,54,80,86,1,75,84,23,3,2,26,15
35,15,321.8,554.9,201,443,66,74,1,61,70,7,6,3,2,19
72,43,344.1,549.7,208,0,59,68,1,54,63,23,9,13,26,23
37,106,332.2,550.5,425,52,0,0,1,0,0,1,3,7,12,25
70,20,325.2,554.4,264,163,45,53,1,40,49,7,6,3,2,17
72,7,339.9,548.5,191,0,74,81,1,69,78,23,9,2,26,23
163,53,343.7,525.3,204,996,0,0,1,0,0,11,10,8,22,6
146,127,345.011,530.873,10,218,32,42,0,27,36,11,10,4,1,27
37,124,330.2,550.9,0,52,0,0,0,0,0,7,3,7,6,25
173,203,343.5,535.5,90,0,52,60,0,47,56,11,5,14,24,16
46,16,323.1,537,94,1037,0,0,1,0,0,2,4,19,11,21
72,102,341.1,551,34,131,0,0,0,0,0,23,9,2,26,23
400,12,356.5,521.8,230,1060,0,0,1,0,0,3,8,15,5,8
142,65,337.118,538.813,155,541,40,50,1,35,44,4,5,14,18,10
152,116,347.4,547.2,307,1163,50,60,1,45,54,8,9,1,17,1
38,114,327.9,542.8,264,1076,68,75,1,63,72,14,4,18,14,5
40,1,325.6,550.4,214,181,0,0,1,0,0,7,6,3,2,3
212,9096,325,547.553,0,1,0,0,0,0,0,22,6,12,10,3
46,6,324.4,539.5,173,102,77,87,1,72,81,1,4,18,11,21
30,53,326.3,539,0,1651,0,0,1,0,0,1,4,18,11,21
173,47,341,538,175,0,41,52,1,36,45,10,5,14,24,16
50,62,330.352,537.498,126,1389,0,0,1,0,0,12,4,11,14,2
173,152,343.794,535.39,257,0,49,56,1,44,53,11,5,14,24,16
138,51,357.405,547.138,7,113,0,0,0,0,0,3,7,16,16,14
159,59,355.6,541,98,0,0,0,0,0,0,3,2,16,16,14
170,75,350.7,531.4,0,100,0,0,0,0,0,5,2,4,7,12
153,45,357.7,535.3,38,212,0,0,0,0,0,20,2,5,20,24
149,81,357.58,538.7,88,1585,0,0,1,0,0,20,2,5,20,24
117,7,353.9,551.6,307,1053,41,51,1,36,45,17,7,17,13,26
36,43,336.5,543.1,122,222,42,51,1,37,46,4,5,10,18,30
71,35,332.4,552,103,121,42,50,1,37,46,1,3,7,12,25
68,1,338.1,550.1,58,0,0,0,0,0,0,23,3,2,26,23
29,10,320.3,542.8,132,0,0,0,1,0,0,14,4,18,11,18
72,49,341.7,551.1,9,14,38,51,0,33,42,23,9,2,26,23
72,22,340.2,553.1,167,0,0,0,1,0,0,23,9,2,26,23
150,7002,354.9,536.9,0,125,0,0,0,0,0,20,2,5,20,24
159,81,355.705,542.207,71,99,0,0,0,0,0,3,2,16,16,14
138,13,353.4,543.4,0,435,0,0,1,0,0,3,7,16,19,14
152,62,348.1,546.7,158,0,42,51,1,37,46,8,9,1,19,1
159,50,357.139,543.08,136,1048,40,49,1,35,44,3,7,16,16,14
170,5,349.3,533.3,191,377,94,101,1,89,98,30,2,4,1,12
68,19,335,551.2,141,0,69,77,1,64,73,1,3,7,12,15
136,6,333,525.6,241,606,0,0,1,0,0,15,1,9,8,11
40,126,326,550.5,0,31,0,0,0,0,0,7,6,3,2,3
30,105,324.9,544.3,96,451,68,76,1,63,72,14,6,12,10,5
28,57,329.978,552.974,205,38,65,72,1,60,69,7,3,3,2,17
39,27,322.235,550.237,349,367,52,60,1,47,56,7,6,12,10,19
71,26,333.7,551.9,134,39,42,51,1,37,46,1,3,7,12,15
173,141,346,537.1,222,741,39,52,1,34,43,10,5,20,24,16
394,12,358.7,524.6,124,26,0,0,1,0,0,3,8,15,5,8
389,10,348.6,526.5,212,264,0,0,1,0,0,9,10,4,9,6
152,97,349.9,536.3,132,52,0,0,1,0,0,20,2,20,4,12
152,77,343.2,546.4,226,191,43,51,1,38,47,4,9,10,17,23
401,9,354.3,523.3,306,1034,43,52,1,38,47,3,8,15,5,8
212,41,324.4,548.4,95,31,0,0,0,0,0,7,6,12,10,3
138,128,350.3,545.8,2,0,0,0,0,0,0,17,7,1,19,1
159,86,355.4,545.1,226,534,36,46,1,31,40,3,7,16,16,14
120,13,354.9,549.2,124,0,0,0,1,0,0,17,7,17,13,26
401,28,353.4,524.4,0,13,0,0,0,0,0,16,8,15,5,8
152,282,342.3,543.5,176,0,0,0,1,0,0,4,9,10,17,9
38,189,327.6,546.6,33,494,63,71,1,58,67,7,6,12,6,3
133,13,327.4,522.5,110,33,0,0,1,0,0,15,1,9,21,11
28,61,328.642,552.187,212,0,54,63,1,49,58,7,6,3,2,17
167,11,340.3,529.1,20,91,0,0,0,0,0,9,10,8,22,28
131,67,322.8,532.8,11,551,0,0,1,0,0,2,4,19,15,13
396,8,355.4,526.5,83,256,77,84,0,72,81,25,8,15,5,8
153,16,358.1,535.6,0,803,0,0,1,0,0,20,2,5,20,24
146,118,348.3,530.2,77,508,47,56,1,42,51,5,10,4,1,27
413,2,350.8,528.2,424,0,38,47,1,33,42,6,8,4,7,27
146,142,348.8,528,38,0,0,0,0,0,0,9,10,4,9,27
86,75,350.949,549.179,64,0,0,0,0,0,0,17,7,1,19,1
170,178,353.569,531.137,0,149,0,0,0,0,0,20,2,5,7,12
173,139,340.6,542.2,42,0,0,0,0,0,0,4,5,10,18,9
38,60,330.6,541.9,22,535,0,0,1,0,0,12,4,11,14,7
28,76,325.2,554.2,192,0,46,56,1,41,50,7,6,3,2,17
29,39,320.6,542.9,0,6,0,0,0,0,0,14,4,18,11,18
137,17,325.519,526.043,130,360,0,0,1,0,0,21,1,6,21,11
46,78,323.8,536.8,4,360,0,0,0,0,0,2,4,19,11,21
142,11,337.574,540.848,316,3335,0,0,1,0,0,4,5,10,18,10
68,58,336.3,545.3,303,0,54,62,1,49,58,4,3,10,23,30
30,25,322.2,543.6,190,73,0,0,1,0,0,14,6,18,10,29
146,40,346.5,525.7,159,0,0,0,1,0,0,11,10,4,9,6
37,27,330.4,551.2,322,0,42,50,1,37,46,7,3,7,6,25
30,47,325.7,540.6,98,652,0,0,1,0,0,1,4,18,11,5
173,76,342.5,541.5,178,0,70,78,1,65,74,4,5,20,17,9
38,123,332,545.4,22,0,0,0,0,0,0,12,3,7,23,7
131,53,322,533.5,96,767,0,0,1,0,0,2,4,19,15,13
152,262,346.714,546.7,30,0,0,0,0,0,0,8,9,1,17,1
152,124,342.8,544.1,94,181,0,0,0,0,0,4,9,10,17,9
149,25,359.1,539.4,0,38,0,0,0,0,0,20,2,16,20,24
210,1,321.5,549.8,583,1046,0,0,1,0,0,7,6,12,10,19
159,7002,358.6,544.6,40,453,0,0,1,0,0,3,7,16,16,14
39,96,322.246,546.583,394,0,0,0,1,0,0,22,6,12,10,29
150,19,355.1,536.8,87,0,47,55,0,42,51,20,2,5,20,24
173,95,340.1,541.8,17,0,0,0,0,0,0,4,5,10,18,9
142,79,337.5,537.5,137,301,55,63,1,50,59,4,5,14,25,10
146,54,345.57,532.533,197,468,50,58,1,45,54,11,10,4,1,27
152,219,344.352,543.958,0,19,0,0,0,0,0,4,9,20,17,20
157,8,341.7,527.6,0,183,0,0,0,0,0,11,10,8,22,28
146,83,345.9,530.8,63,651,0,0,1,0,0,11,10,4,1,27
387,22,349.3,520.1,0,1814,0,0,1,0,0,6,8,15,9,6
39,8,323.6,545.6,3,17,0,0,0,0,0,22,6,12,10,29
36,59,336.1,544.5,111,1097,53,62,1,48,57,4,3,10,23,30
392,13,353.9,528.9,207,2823,0,0,1,0,0,6,8,15,7,12
30,9,325.48,544.022,120,518,54,67,1,49,58,14,6,12,10,5
142,54,337,540.4,60,51,0,0,0,0,0,4,5,10,18,10
130,106,323.5,524.1,191,688,0,0,1,0,0,21,1,6,21,11
142,13,338.6,543.1,213,0,44,52,1,39,48,4,5,10,18,9
50,97,331.2,537.3,0,10,0,0,0,0,0,12,4,11,14,2
167,4,337.4,534.3,153,585,0,0,1,0,0,4,5,14,25,22
152,25,341.5,548.9,185,38,76,83,1,71,80,23,9,2,26,23
38,7000,328.7,542,3,0,0,0,0,0,0,12,4,11,14,5
146,7001,346.7,526.1,0,17,0,0,0,0,0,11,10,4,9,6
131,32,323.5,530.6,157,1670,0,0,1,0,0,2,4,19,15,13
46,46,324.7,537,91,867,0,0,1,0,0,2,4,19,11,21
72,14,338.694,551.126,156,0,39,50,1,34,43,23,3,2,26,23
152,84,347.6,543,323,0,35,44,1,30,39,8,9,20,17,20
68,80,338.8,546.8,382,976,58,68,1,53,62,4,9,10,26,30
138,55,355.6,549.2,103,468,0,0,1,0,0,17,7,17,13,26
37,119,330.8,549.7,49,12,0,0,0,0,0,1,3,7,6,25
36,53,334.6,545.2,24,68,0,0,0,0,0,4,3,10,23,30
68,132,337.5,544,103,0,53,60,1,48,57,4,5,10,18,30
152,268,345.3,542.4,290,0,42,52,1,37,46,4,9,20,17,20
167,62,337.6,537,81,277,54,62,0,49,58,4,5,14,25,22
160,4,356.7,533.7,101,1616,0,0,1,0,0,20,2,5,20,24
137,14,323.6,525.7,131,1048,0,0,1,0,0,21,1,6,21,11
152,90,344.1,547.7,56,114,62,69,0,57,66,8,9,13,17,23
142,16,339.6,543.4,0,137,0,0,0,0,0,4,5,10,18,9
40,119,324.353,551.964,2,27,49,55,0,44,53,7,6,3,2,19
71,25,333.8,551.8,123,7,0,0,1,0,0,1,3,7,12,15
173,3,341.2,537.5,236,0,0,0,1,0,0,10,5,14,24,16
36,45,334.6,544.2,58,0,0,0,0,0,0,12,3,10,23,30
38,50,326.7,546.4,234,1890,0,0,1,0,0,22,6,12,10,3
401,7,352.8,524.2,1593,9988,0,0,1,0,0,6,8,15,9,8
213,1,357,553.7,42,5288,0,0,1,0,0,5,7,17,13,26
50,51,333.1,537.6,230,1824,0,0,1,0,0,12,5,11,14,2
72,15,339.5,550.2,126,0,0,0,1,0,0,23,9,2,26,23
38,71,330.3,548.9,101,0,0,0,1,0,0,7,3,7,6,25
212,7001,325.479,547.284,8,73,0,0,0,0,0,22,6,12,10,3
38,9,333.7,546,0,3975,0,0,1,0,0,1,3,7,23,30
150,13,354.5,534.3,100,0,0,0,1,0,0,20,2,5,20,12
39,106,324.3,546.4,101,0,0,0,1,0,0,22,6,12,10,29
152,8,344.8,544.6,73,0,0,0,0,0,0,4,9,20,17,20
36,78,334.66,543.391,96,0,45,54,0,40,49,4,5,10,23,30
151,80,343.4,531.1,23,141,0,0,0,0,0,11,10,4,1,27
163,9,335.3,526.3,43,1175,0,0,1,0,0,15,1,9,8,28
67,153,338.3,554.9,86,0,0,0,0,0,0,23,3,2,12,15
159,6,358.9,541.8,18,664,40,49,1,35,44,3,2,16,16,14
396,22,354.9,526.7,20,0,0,0,0,0,0,3,8,15,7,8
150,36,354.2,534.8,18,930,39,50,1,34,43,20,2,5,20,12
167,45,338.1,531.4,0,191,0,0,0,0,0,10,10,14,25,22
173,79,341.8,535.1,199,418,0,0,1,0,0,10,5,14,24,16
410,6,350.434,526.509,287,1319,31,43,1,26,35,6,8,4,9,6
30,132,323.7,544.3,0,93,0,0,0,0,0,7,6,12,10,29
30,13,325.1,543.8,206,584,73,80,1,68,77,14,6,18,10,5
72,150,339.4,551.2,0,106,0,0,0,0,0,23,9,2,26,23
46,59,324.9,533.5,122,2734,0,0,1,0,0,2,4,19,15,13
71,14,332.8,554.3,29,0,0,0,0,0,0,1,3,7,12,15
396,11,355,526.6,161,0,0,0,1,0,0,3,8,15,7,8
68,257,339.5,543.8,20,73,0,0,0,0,0,4,5,10,18,9
86,92,344.1,554.3,67,257,0,0,0,0,0,31,9,13,3,4
36,7000,333.6,540.8,24,0,0,0,0,0,0,12,5,11,14,10
46,87,323.8,538.8,48,289,0,0,0,0,0,1,4,18,11,21
86,71,346.7,550.2,114,983,0,0,1,0,0,8,9,13,3,4
40,64,327.9,549.8,113,0,65,73,1,60,69,7,6,3,6,3
46,9,323.1,537.2,139,1015,85,93,1,80,89,1,4,19,11,21
392,3,355,527.2,255,0,0,0,1,0,0,3,8,15,7,8
131,72,323.072,532.36,0,38,0,0,0,0,0,2,4,19,15,13
142,97,338.2,536.3,0,1012,0,0,1,0,0,4,5,14,25,22
163,2,342.3,525.5,6,1210,29,41,1,24,33,11,10,8,22,28
50,71,327.8,536.8,86,1299,0,0,1,0,0,12,4,19,14,21
167,23,335.9,531.6,0,83,0,0,0,0,0,4,5,14,25,22
68,119,338,543.5,243,0,45,53,1,40,49,4,5,10,18,30
173,7,341.01,535.533,446,1199,0,0,1,0,0,10,5,14,24,16
46,62,325.7,538.1,55,567,90,98,1,85,94,1,4,18,11,21
157,73,338.7,527.2,0,200,0,0,0,0,0,24,10,8,22,28
37,128,330.3,550,109,0,0,0,1,0,0,1,3,7,6,25
72,3,339.8,551.5,243,0,0,0,1,0,0,23,9,2,26,23
38,197,334.4,548.7,0,247,0,0,0,0,0,1,3,7,23,25
397,13,356.3,523.1,191,361,48,56,1,43,52,3,8,15,5,8
143,7,349.271,531.004,469,817,24,40,1,19,28,6,10,4,1,27
150,30,354.8,537.2,0,9,0,0,0,0,0,20,2,5,20,24
30,117,320.8,542.2,9,0,0,0,0,0,0,14,4,18,11,18
136,55,333.9,526.7,0,157,0,0,0,0,0,15,1,9,8,28
36,25,336.463,541.737,147,0,0,0,1,0,0,4,5,10,18,10
38,109,332.8,547.6,134,0,0,0,1,0,0,1,3,7,23,25
30,103,325.3,544.3,14,0,0,0,0,0,0,22,6,12,10,5
28,21,326,552.5,137,0,0,0,1,0,0,7,6,3,2,17
396,2,355.9,525.7,180,616,79,86,1,74,83,25,8,15,5,8
131,49,322.2,529.7,8,695,0,0,1,0,0,2,1,6,15,13
173,97,341.9,539.7,245,595,0,0,1,0,0,4,5,20,24,9
72,29,340.8,552,75,0,0,0,0,0,0,23,9,2,26,23
40,120,324.2,553.6,573,0,39,50,1,34,43,7,6,3,2,19
86,37,351,548.8,178,703,0,0,1,0,0,17,7,1,19,1
397,37,355.6,522.7,0,93,0,0,0,0,0,3,8,15,5,8
40,9,324.6,550.8,38,66,0,0,0,0,0,7,6,3,2,19
39,97,322.2,549.1,0,10,0,0,0,0,0,7,6,12,10,19
152,16,344.3,548.6,171,1467,39,56,1,34,43,23,9,13,26,23
120,30,350.6,551.3,36,727,0,0,1,0,0,17,7,17,13,26
68,136,337.3,543.6,92,365,0,0,0,0,0,4,5,10,18,30
173,87,342.5,536.2,316,0,46,54,1,41,50,10,5,14,24,16
39,19,321.9,547.4,0,16,0,0,0,0,0,22,6,12,10,29
86,265,348.69,554.992,13,114,0,0,0,0,0,8,7,13,3,4
173,81,344.6,536.5,192,0,0,0,1,0,0,10,5,20,24,16
396,14,353.8,525.7,211,0,0,0,1,0,0,16,8,15,7,8
68,262,340.7,547.1,46,0,0,0,0,0,0,23,9,10,26,23
403,10,359.3,522.3,117,0,0,0,1,0,0,3,8,15,5,8
134,30,331.9,522.5,5,90,0,0,0,0,0,15,1,9,8,11
152,54,345.8,544.7,79,0,0,0,0,0,0,8,9,20,17,20
120,28,351.3,552.8,111,220,0,0,1,0,0,17,7,17,13,26
150,5,353.391,535.552,187,0,41,51,1,36,45,20,2,5,20,12
39,72,322.4,546.2,8,42,0,0,0,0,0,22,6,12,10,29
40,57,325.3,546.3,0,609,0,0,1,0,0,22,6,12,10,3
46,55,324,537.9,75,811,0,0,1,0,0,2,4,18,11,21
72,8,340,548.1,199,0,0,0,1,0,0,23,9,2,26,23
170,74,351.2,533.9,29,937,46,54,1,41,50,20,2,5,4,12
68,69,334.957,549.835,349,346,0,0,1,0,0,1,3,7,12,15
30,51,325.4,539.5,180,1406,0,0,1,0,0,1,4,18,11,21
86,74,346.8,550.3,155,169,0,0,1,0,0,8,9,13,3,4
130,31,323.8,523.1,17,908,0,0,1,0,0,21,1,6,21,11
86,98,344.3,553.3,161,0,88,96,1,83,92,8,9,13,3,4
86,218,349.5,554.5,95,147,0,0,0,0,0,8,7,13,3,4
387,5,350.5,522.8,0,1837,0,0,1,0,0,6,8,15,9,6
120,44,352.8,548.9,60,1014,44,52,1,39,48,17,7,17,13,26
173,39,340.7,536.5,37,25,0,0,0,0,0,10,5,14,24,16
30,16,323.9,544.3,259,88,82,91,1,77,86,14,6,12,10,29
167,43,337.9,533.4,144,1510,0,0,1,0,0,10,5,14,25,22
167,27,335.5,533.7,15,270,0,0,0,0,0,4,5,14,25,22
131,7000,325.1,529.8,0,60,0,0,0,0,0,2,1,6,15,13
38,16,330.2,546.1,23,0,0,0,0,0,0,7,3,7,6,7
37,13,331.6,549.8,253,0,67,75,1,62,71,1,3,7,6,25
120,32,348.8,551.8,47,835,0,0,1,0,0,8,7,13,3,4
136,22,330.5,525.5,12,1555,0,0,1,0,0,15,1,9,8,11
159,130,357.6,545.9,135,1953,0,0,1,0,0,3,7,16,16,14
173,57,342.623,540.029,115,551,49,56,1,44,53,4,5,20,24,9
212,143,324.8,548.2,10,84,0,0,0,0,0,7,6,12,10,3
46,45,326.2,535.6,132,13237,0,0,1,0,0,2,4,19,15,21
50,5,329.7,537.3,59,1304,0,0,1,0,0,12,4,11,14,2
403,7,359.621,523.889,191,224,49,57,1,44,53,3,8,15,5,8
167,65,337.1,534,128,0,0,0,1,0,0,4,5,14,25,22
86,39,349.3,549.6,77,86,0,0,0,0,0,8,7,1,3,1
50,20,332.5,539.8,245,0,0,0,1,0,0,12,5,11,14,2
130,47,322.784,524.591,0,963,0,0,1,0,0,21,1,6,21,11
130,101,322,526.1,0,1334,0,0,1,0,0,21,1,6,21,13
46,47,325.3,534.2,46,1486,80,94,1,75,84,2,4,19,15,21
36,66,335.6,545.5,121,0,58,66,1,53,62,4,3,10,23,30
136,70,334.7,524.2,0,78,0,0,0,0,0,15,1,9,8,28
138,48,352.5,547.7,0,3,0,0,0,0,0,17,7,1,19,1
146,30,347.9,530.6,155,10,0,0,1,0,0,11,10,4,1,27
152,46,348.1,537.5,536,172,41,50,1,36,45,10,2,20,4,16
134,61,328.48,522.119,0,734,0,0,1,0,0,15,1,9,8,11
157,10,342.5,526.5,215,1284,31,42,1,26,35,11,10,8,22,28
163,151,345.2,523.4,24,124,0,0,0,0,0,11,10,8,9,6
131,66,324.1,531.5,0,1791,0,0,1,0,0,2,4,19,15,13
173,107,342.665,540.003,23,0,0,0,0,0,0,4,5,20,24,9
146,22,349.4,528.2,33,42,0,0,0,0,0,9,10,4,7,27
138,41,354.4,544.1,46,0,0,0,0,0,0,3,7,16,16,14
36,110,335.4,544.3,296,0,66,76,1,61,70,4,3,10,23,30
153,24,358,535.5,180,0,0,0,1,0,0,20,2,5,20,24
163,61,338.6,525.7,0,177,0,0,0,0,0,24,10,8,22,28
86,94,345.1,554.5,144,124,0,0,1,0,0,31,9,13,3,4
163,59,343.8,521.6,98,362,0,0,0,0,0,11,10,8,22,6
142,81,336.7,536.6,176,1056,0,0,1,0,0,4,5,14,25,22
161,25,349.6,544.3,86,5041,45,57,1,40,49,8,7,1,19,1
40,45,327.775,548.569,163,333,0,0,1,0,0,7,6,12,6,3
40,61,327.6,548.4,217,531,0,0,1,0,0,7,6,12,6,3
160,58,356.56,532.586,19,159,0,0,0,0,0,20,2,5,20,12
150,79,355.2,535.2,57,625,0,0,1,0,0,20,2,5,20,24
210,5,321.6,549.8,151,411,0,0,1,0,0,7,6,12,10,19
43,56,320.4,539.7,0,80,0,0,0,0,0,1,4,18,11,18
134,52,330.766,524.279,0,1037,0,0,1,0,0,15,1,9,8,11
151,25,343.5,531.1,611,6814,0,0,1,0,0,11,10,4,1,27
40,30,326.7,549.8,206,108,51,59,1,46,55,7,6,3,2,3
43,31,320.1,539.7,0,364,0,0,0,0,0,1,4,18,11,18
